Season,Age,Squad,Country,Comp,90s,Gls,Sh,SoT,SoT%,Sh/90,SoT/90,G/Sh,G/SoT,Dist,FK,PK,PKatt,xG,npxG,npxG/Sh,G-xG,np:G-xG,Matches
2017,16,Molde,no NOR,1. Eliteserien,4.4,2,0,4,,0,0.92,,0.5,,,0,0,,,,,,Matches
2018,17,Molde,no NOR,1. Eliteserien,17.7,12,0,,,0,,,,,,3,3,,,,,,Matches
2018-2019,18,RB Salzburg,at AUT,1. Bundesliga,0.9,1,2,2,100,2.17,2.17,0.5,0.5,,,0,0,,,,,,Matches
2018-2019,18,RB Salzburg,,2. Europa Lg,0.1,0,0,0,,0,0,,,,0,0,0,0,0,,0,0,Matches
2019-2020,19,RB Salzburg,at AUT,1. Bundesliga,10.9,16,53,26,49.1,4.87,2.39,0.28,0.58,,,1,1,,,,,,Matches
2019-2020,19,Dortmund,de GER,1. Bundesliga,11.8,13,34,19,55.9,2.88,1.61,0.38,0.68,12.1,0,0,0,8.8,8.8,0.26,4.2,4.2,Matches
2019-2020,19,RB Salzburg,,1. Champions Lg,4.1,8,15,9,60,3.62,2.17,0.4,0.67,14,0,2,2,6.2,4.7,0.31,1.8,1.3,Matches
2019-2020,19,Dortmund,,1. Champions Lg,2,2,4,2,50,2,1,0.5,1,12.9,0,0,0,1,1,0.24,1,1,Matches
2019-2020,19,Dortmund,de GER,DFB-Pokal,0.5,1,3,2,66.7,6,4,0.33,0.5,,,0,0,,,,,,Matches
2020-2021,20,Dortmund,de GER,1. Bundesliga,26.7,27,89,47,52.8,3.33,1.76,0.28,0.53,12.8,0,2,4,23.5,20.3,0.23,3.5,4.7,Matches
2020-2021,20,Dortmund,,1. Champions Lg,7.8,10,25,16,64,3.2,2.05,0.36,0.56,15,0,1,1,6,5.2,0.23,4,3.8,Matches
2020-2021,20,Dortmund,de GER,DFB-Pokal,3.9,3,9,5,55.6,2.28,1.27,0.33,0.6,,,0,0,,,,,,Matches
2020-2021,20,Dortmund,de GER,DFL-Supercup,0.7,1,2,2,100,2.69,2.69,0.5,0.5,,,0,0,,,,,,Matches
2021-2022,21,Dortmund,de GER,1. Bundesliga,21.2,22,74,31,41.9,3.49,1.46,0.22,0.52,13.9,0,6,6,17.9,13.2,0.18,4.1,2.8,Matches
2021-2022,21,Dortmund,,1. Champions Lg,2.3,3,12,7,58.3,5.32,3.1,0.25,0.43,11.2,0,0,0,3.3,3.3,0.27,-0.3,-0.3,Matches
2021-2022,21,Dortmund,de GER,DFB-Pokal,2,4,12,9,75,6,4.5,0.17,0.22,,,2,2,,,,,,Matches
2021-2022,21,Dortmund,de GER,DFL-Supercup,1,0,2,1,50,2,1,0,0,,,0,0,,,,,,Matches
2022-2023,22,Manchester City,,1. Champions Lg,9.3,12,39,25,64.1,4.17,2.68,0.28,0.44,12.1,0,1,2,10.7,9.1,0.23,1.3,1.9,Matches
2022-2023,22,Manchester City,eng ENG,Community Shield,1,0,3,1,33.3,3,1,0,0,,,0,0,,,,,,Matches
2022-2023,22,Manchester City,eng ENG,EFL Cup,1.2,1,3,1,33.3,2.52,0.84,0.33,1,,,0,0,,,,,,Matches
2022-2023,22,Manchester City,eng ENG,FA Cup,3.4,3,11,7,63.6,3.2,2.04,0.27,0.43,,,0,0,,,,,,Matches
2022-2023,22,Manchester City,eng ENG,1. Premier League,30.8,36,116,53,45.7,3.77,1.72,0.25,0.55,12.6,0,7,7,28.4,23,0.2,7.6,6,Matches
2023-2024,23,Manchester City,,1. Champions Lg,8.6,6,41,20,48.8,4.76,2.32,0.1,0.2,11.5,0,2,2,7,5.4,0.13,-1,-1.4,Matches
2023-2024,23,Manchester City,eng ENG,Community Shield,0.7,0,0,0,,0,0,,,,,0,0,,,,,,Matches
2023-2024,23,Manchester City,eng ENG,FA Cup,2.8,5,14,7,50,5,2.5,0.36,0.71,,,0,0,,,,,,Matches
2023-2024,23,Manchester City,eng ENG,1. Premier League,28.4,27,113,50,44.2,3.99,1.76,0.18,0.4,11.9,1,7,8,29.2,22.9,0.2,-2.2,-2.9,Matches
2023-2024,23,Manchester City,,Super Cup,1,0,1,0,0,1,0,0,,,,0,0,,,,,,Matches
7 Seasons,7 Seasons,4 Clubs,,12 Leagues,205.4,215,677,346,51.1,3.3,1.84,0.27,0.5,12.6,1,34,38,141.9,116.8,0.21,24.1,21.2,
,,,Country,Comp,90s,Gls,Sh,SoT,SoT%,Sh/90,SoT/90,G/Sh,G/SoT,Dist,FK,PK,PKatt,xG,npxG,npxG/Sh,G-xG,np:G-xG,Matches
Dortmund (3 Seasons),Dortmund (3 Seasons),Dortmund (3 Seasons),,4 Leagues,80,86,266,141,53,3.32,1.76,0.28,0.53,13.2,0,11,13,60.4,51.7,0.22,16.6,16.3,
Manchester City (2 Seasons),Manchester City (2 Seasons),Manchester City (2 Seasons),,6 Leagues,87.2,90,341,164,48.1,3.91,1.88,0.21,0.45,12.1,1,17,19,75.2,60.4,0.2,5.8,3.6,
Molde (2 Seasons),Molde (2 Seasons),Molde (2 Seasons),,1 League,22.1,14,0,4,,0,0.92,,0.5,,,3,3,,,,,,
RB Salzburg (2 Seasons),RB Salzburg (2 Seasons),RB Salzburg (2 Seasons),,3 Leagues,16,25,70,37,52.9,4.37,2.31,0.31,0.59,14,0,3,3,6.2,4.7,0.31,1.8,1.3,
,,,,,,,,,,,,,,,,,,,,,,,
Champions Lg (5 Seasons),Champions Lg (5 Seasons),Champions Lg (5 Seasons),,,34.2,41,136,79,58.1,3.98,2.31,0.26,0.44,12.6,0,6,7,34.1,28.6,0.21,6.9,6.4,
Bundesliga (3 Seasons),Bundesliga (3 Seasons),Bundesliga (3 Seasons),,,59.8,62,197,97,49.2,3.29,1.62,0.27,0.56,13.1,0,8,10,50.2,42.2,0.21,11.8,11.8,
DFB-Pokal (3 Seasons),DFB-Pokal (3 Seasons),DFB-Pokal (3 Seasons),,,6.4,8,24,16,66.7,3.72,2.48,0.25,0.38,,,2,2,,,,,,
Premier League (2 Seasons),Premier League (2 Seasons),Premier League (2 Seasons),,,59.1,63,229,103,45,3.87,1.74,0.21,0.48,12.2,1,14,15,57.6,46,0.2,5.4,3,
Eliteserien (2 Seasons),Eliteserien (2 Seasons),Eliteserien (2 Seasons),,,22.1,14,0,4,,0,0.92,,0.5,,,3,3,,,,,,
Bundesliga (2 Seasons),Bundesliga (2 Seasons),Bundesliga (2 Seasons),,,11.8,17,55,28,50.9,4.66,2.37,0.29,0.57,,,1,1,,,,,,
FA Cup (2 Seasons),FA Cup (2 Seasons),FA Cup (2 Seasons),,,6.2,8,25,14,56,4.01,2.25,0.32,0.57,,,0,0,,,,,,
Community Shield (2 Seasons),Community Shield (2 Seasons),Community Shield (2 Seasons),,,1.7,0,3,1,33.3,1.76,0.59,0,0,,,0,0,,,,,,
DFL-Supercup (2 Seasons),DFL-Supercup (2 Seasons),DFL-Supercup (2 Seasons),,,1.7,1,4,3,75,2.29,1.72,0.25,0.33,,,0,0,,,,,,
EFL Cup (2 Seasons),EFL Cup (2 Seasons),EFL Cup (2 Seasons),,,1.2,1,3,1,33.3,2.52,0.84,0.33,1,,,0,0,,,,,,
Europa Lg (1 Season),Europa Lg (1 Season),Europa Lg (1 Season),,,0.1,0,0,0,,0,0,,,,0,0,0,0,0,,0,0,
Super Cup (1 Season),Super Cup (1 Season),Super Cup (1 Season),,,1,0,1,0,0,1,0,0,,,,0,0,,,,,,
