"Date","Time","Comp","Round","Day","Venue","Result","GF","GA","Opponent","SCA","PassLive...12","PassDead...13","TO...14","Sh...15","Fld...16","Def...17","GCA","PassLive...19","PassDead...20","TO...21","Sh...22","Fld...23","Def...24","Match Report"
"2022-07-30","17:00","Community Shield","FA Community Shield","Sat","Neutral","L","1","3","Liverpool","","","","","","","","","","","","","","","Match Report"
"2022-08-07","16:30","Premier League","Matchweek 1","Sun","Away","W","2","0","West Ham","27","23","1","0","1","2","0","4","3","0","0","0","1","0","Match Report"
"2022-08-13","15:00","Premier League","Matchweek 2","Sat","Home","W","4","0","Bournemouth","36","23","6","3","3","0","1","6","6","0","0","0","0","0","Match Report"
"2022-08-21","16:30","Premier League","Matchweek 3","Sun","Away","D","3","3","Newcastle Utd","40","31","2","2","2","2","1","6","6","0","0","0","0","0","Match Report"
"2022-08-27","15:00","Premier League","Matchweek 4","Sat","Home","W","4","2","Crystal Palace","31","25","2","2","2","0","0","7","6","0","0","1","0","0","Match Report"
"2022-08-31","19:30","Premier League","Matchweek 5","Wed","Home","W","6","0","Nott'ham Forest","30","19","4","2","3","1","1","9","7","1","0","1","0","0","Match Report"
"2022-09-03","17:30","Premier League","Matchweek 6","Sat","Away","D","1","1","Aston Villa","24","20","2","0","1","1","0","2","2","0","0","0","0","0","Match Report"
"2022-09-06","21:00","Champions Lg","Group stage","Tue","Away","W","4","0","es Sevilla","46","35","2","3","3","2","1","7","5","0","1","1","0","0","Match Report"
"2022-09-14","20:00","Champions Lg","Group stage","Wed","Home","W","2","1","de Dortmund","23","18","4","1","0","0","0","4","4","0","0","0","0","0","Match Report"
"2022-09-17","12:30","Premier League","Matchweek 8","Sat","Away","W","3","0","Wolves","30","25","2","1","2","0","0","6","6","0","0","0","0","0","Match Report"
"2022-10-02","14:00","Premier League","Matchweek 9","Sun","Home","W","6","3","Manchester Utd","38","26","3","1","7","1","0","12","10","1","0","1","0","0","Match Report"
"2022-10-05","20:00","Champions Lg","Group stage","Wed","Home","W","5","0","dk FC Copenhagen","55","47","2","1","3","2","0","7","4","1","0","1","1","0","Match Report"
"2022-10-08","15:00","Premier League","Matchweek 10","Sat","Home","W","4","0","Southampton","35","28","2","3","2","0","0","8","7","0","1","0","0","0","Match Report"
"2022-10-11","18:45","Champions Lg","Group stage","Tue","Away","D","0","0","dk FC Copenhagen","22","14","3","1","4","0","0","0","0","0","0","0","0","0","Match Report"
"2022-10-16","16:30","Premier League","Matchweek 11","Sun","Away","L","0","1","Liverpool","30","26","3","0","1","0","0","0","0","0","0","0","0","0","Match Report"
"2022-10-22","15:00","Premier League","Matchweek 13","Sat","Home","W","3","1","Brighton","20","12","3","1","2","2","0","6","5","0","0","0","1","0","Match Report"
"2022-10-25","21:00","Champions Lg","Group stage","Tue","Away","D","0","0","de Dortmund","14","10","2","0","0","2","0","0","0","0","0","0","0","0","Match Report"
"2022-10-29","12:30","Premier League","Matchweek 14","Sat","Away","W","1","0","Leicester City","28","24","3","0","0","1","0","2","1","0","0","0","1","0","Match Report"
"2022-11-02","20:00","Champions Lg","Group stage","Wed","Home","W","3","1","es Sevilla","38","27","4","1","2","3","1","5","4","0","0","0","0","1","Match Report"
"2022-11-05","15:00","Premier League","Matchweek 15","Sat","Home","W","2","1","Fulham","32","25","2","0","2","3","0","4","3","0","0","0","1","0","Match Report"
"2022-11-09","20:00","EFL Cup","Third round","Wed","Home","W","2","0","Chelsea","","","","","","","","","","","","","","","Match Report"
"2022-11-12","12:30","Premier League","Matchweek 16","Sat","Home","L","1","2","Brentford","51","43","2","0","5","0","1","2","1","1","0","0","0","0","Match Report"
"2022-12-22","20:00","EFL Cup","Fourth round","Thu","Home","W","3","2","Liverpool","","","","","","","","","","","","","","","Match Report"
"2022-12-28","20:00","Premier League","Matchweek 17","Wed","Away","W","3","1","Leeds United","47","33","5","1","4","3","1","5","3","0","0","1","0","1","Match Report"
"2022-12-31","15:00","Premier League","Matchweek 18","Sat","Home","D","1","1","Everton","30","23","2","1","3","1","0","2","1","0","1","0","0","0","Match Report"
"2023-01-05","20:00","Premier League","Matchweek 19","Thu","Away","W","1","0","Chelsea","20","15","0","3","1","0","1","2","2","0","0","0","0","0","Match Report"
"2023-01-08","16:30","FA Cup","Third round proper","Sun","Home","W","4","0","Chelsea","","","","","","","","","","","","","","","Match Report"
"2023-01-11","20:00","EFL Cup","Quarter-finals","Wed","Away","L","0","2","Southampton","","","","","","","","","","","","","","","Match Report"
"2023-01-14","12:30","Premier League","Matchweek 20","Sat","Away","L","1","2","Manchester Utd","10","10","0","0","0","0","0","2","2","0","0","0","0","0","Match Report"
"2023-01-19","20:00","Premier League","Matchweek 7","Thu","Home","W","4","2","Tottenham","28","23","2","1","1","1","0","7","6","0","0","1","0","0","Match Report"
"2023-01-22","14:00","Premier League","Matchweek 21","Sun","Home","W","3","0","Wolves","26","22","0","1","1","1","1","6","4","0","0","0","1","1","Match Report"
"2023-01-27","20:00","FA Cup","Fourth round proper","Fri","Home","W","1","0","Arsenal","","","","","","","","","","","","","","","Match Report"
"2023-02-05","16:30","Premier League","Matchweek 22","Sun","Away","L","0","1","Tottenham","30","19","3","1","3","2","2","0","0","0","0","0","0","0","Match Report"
"2023-02-12","16:30","Premier League","Matchweek 23","Sun","Home","W","3","1","Aston Villa","32","20","4","2","2","4","0","5","3","1","0","0","1","0","Match Report"
"2023-02-15","19:30","Premier League","Matchweek 12","Wed","Away","W","3","1","Arsenal","13","6","3","0","2","2","0","4","4","0","0","0","0","0","Match Report"
"2023-02-18","15:00","Premier League","Matchweek 24","Sat","Away","D","1","1","Nott'ham Forest","42","29","4","2","3","3","1","2","2","0","0","0","0","0","Match Report"
"2023-02-22","21:00","Champions Lg","Round of 16","Wed","Away","D","1","1","de RB Leipzig","22","12","3","4","0","1","2","1","1","0","0","0","0","0","Match Report"
"2023-02-25","17:30","Premier League","Matchweek 25","Sat","Away","W","4","1","Bournemouth","35","28","2","1","3","1","0","4","2","0","1","1","0","0","Match Report"
"2023-02-28","20:00","FA Cup","Fifth round proper","Tue","Away","W","3","0","Bristol City","","","","","","","","","","","","","","","Match Report"
"2023-03-04","12:30","Premier League","Matchweek 26","Sat","Home","W","2","0","Newcastle Utd","20","17","0","2","0","1","0","4","2","0","2","0","0","0","Match Report"
"2023-03-11","17:30","Premier League","Matchweek 27","Sat","Away","W","1","0","Crystal Palace","24","15","1","4","2","2","0","2","0","1","0","0","1","0","Match Report"
"2023-03-14","20:00","Champions Lg","Round of 16","Tue","Home","W","7","0","de RB Leipzig","38","24","6","1","6","1","0","9","4","0","0","5","0","0","Match Report"
"2023-03-18","17:45","FA Cup","Quarter-finals","Sat","Home","W","6","0","Burnley","","","","","","","","","","","","","","","Match Report"
"2023-04-01","12:30","Premier League","Matchweek 29","Sat","Home","W","4","1","Liverpool","32","27","1","1","1","1","1","7","6","0","0","1","0","0","Match Report"
"2023-04-08","17:30","Premier League","Matchweek 30","Sat","Away","W","4","1","Southampton","25","21","2","0","1","1","0","7","5","0","0","1","1","0","Match Report"
"2023-04-11","20:00","Champions Lg","Quarter-finals","Tue","Home","W","3","0","de Bayern Munich","29","26","1","1","1","0","0","6","5","0","1","0","0","0","Match Report"
"2023-04-15","17:30","Premier League","Matchweek 31","Sat","Home","W","3","1","Leicester City","21","14","2","1","4","0","0","5","3","0","1","1","0","0","Match Report"
"2023-04-19","21:00","Champions Lg","Quarter-finals","Wed","Away","D","1","1","de Bayern Munich","13","8","0","4","1","0","0","2","1","0","1","0","0","0","Match Report"
"2023-04-22","16:45","FA Cup","Semi-finals","Sat","Neutral","W","3","0","Sheffield Utd","","","","","","","","","","","","","","","Match Report"
"2023-04-26","20:00","Premier League","Matchweek 33","Wed","Home","W","4","1","Arsenal","24","16","2","4","1","1","0","7","5","1","0","0","1","0","Match Report"
"2023-04-30","14:00","Premier League","Matchweek 34","Sun","Away","W","2","1","Fulham","23","15","1","2","2","1","2","4","2","0","1","0","1","0","Match Report"
"2023-05-03","20:00","Premier League","Matchweek 28","Wed","Home","W","3","0","West Ham","30","22","3","1","1","2","1","6","4","1","0","0","1","0","Match Report"
"2023-05-06","15:00","Premier League","Matchweek 35","Sat","Home","W","2","1","Leeds United","36","23","4","4","1","4","0","4","3","0","1","0","0","0","Match Report"
"2023-05-09","21:00","Champions Lg","Semi-finals","Tue","Away","D","1","1","es Real Madrid","20","20","0","0","0","0","0","2","2","0","0","0","0","0","Match Report"
"2023-05-14","14:00","Premier League","Matchweek 36","Sun","Away","W","3","0","Everton","17","11","1","2","0","3","0","5","4","0","0","0","1","0","Match Report"
"2023-05-17","20:00","Champions Lg","Semi-finals","Wed","Home","W","4","0","es Real Madrid","31","27","1","0","1","2","0","7","4","1","0","1","1","0","Match Report"
"2023-05-21","16:00","Premier League","Matchweek 37","Sun","Home","W","1","0","Chelsea","26","19","1","2","3","1","0","2","2","0","0","0","0","0","Match Report"
"2023-05-24","20:00","Premier League","Matchweek 32","Wed","Away","D","1","1","Brighton","25","22","1","1","0","1","0","2","2","0","0","0","0","0","Match Report"
"2023-05-28","16:30","Premier League","Matchweek 38","Sun","Away","L","0","1","Brentford","31","26","0","1","4","0","0","0","0","0","0","0","0","0","Match Report"
"2023-06-03","15:00","FA Cup","Final","Sat","Neutral","W","2","1","Manchester Utd","","","","","","","","","","","","","","","Match Report"
"2023-06-10","22:00","Champions Lg","Final","Sat","Neutral","W","1","0","it Inter","14","10","1","3","0","0","0","2","2","0","0","0","0","0","Match Report"
"","","","","","","--","","","","1464","1104","110","73","97","62","18","220","166","9","11","17","14","3",""
