"Date","Time","Comp","Round","Day","Venue","Result","GF","GA","Opponent","SCA","PassLive...12","PassDead...13","TO...14","Sh...15","Fld...16","Def...17","GCA","PassLive...19","PassDead...20","TO...21","Sh...22","Fld...23","Def...24","Match Report"
"2020-09-21","20:15","Premier League","Matchweek 2","Mon","Away","W","3","1","Wolves","25","18","0","3","0","3","1","5","4","0","0","0","1","0","Match Report"
"2020-09-24","19:45","EFL Cup","Third round","Thu","Home","W","2","1","Bournemouth","","","","","","","","","","","","","","","Match Report"
"2020-09-27","16:30","Premier League","Matchweek 3","Sun","Home","L","2","5","Leicester City","28","22","2","1","1","2","0","4","2","1","0","1","0","0","Match Report"
"2020-09-30","19:00","EFL Cup","Fourth round","Wed","Away","W","3","0","Burnley","","","","","","","","","","","","","","","Match Report"
"2020-10-03","17:30","Premier League","Matchweek 4","Sat","Away","D","1","1","Leeds United","43","31","2","6","2","1","1","2","1","0","1","0","0","0","Match Report"
"2020-10-17","17:30","Premier League","Matchweek 5","Sat","Home","W","1","0","Arsenal","24","22","0","0","2","0","0","1","0","0","0","1","0","0","Match Report"
"2020-10-21","20:00","Champions Lg","Group stage","Wed","Home","W","3","1","pt Porto","15","9","1","3","0","2","0","6","3","0","1","0","2","0","Match Report"
"2020-10-24","12:30","Premier League","Matchweek 6","Sat","Away","D","1","1","West Ham","26","21","0","3","0","1","1","2","1","0","1","0","0","0","Match Report"
"2020-10-27","21:00","Champions Lg","Group stage","Tue","Away","W","3","0","fr Marseille","13","10","1","2","0","0","0","5","5","0","0","0","0","0","Match Report"
"2020-10-31","12:30","Premier League","Matchweek 7","Sat","Away","W","1","0","Sheffield Utd","28","22","1","2","0","3","0","2","2","0","0","0","0","0","Match Report"
"2020-11-03","20:00","Champions Lg","Group stage","Tue","Home","W","3","0","gr Olympiacos","35","29","2","0","3","0","1","6","6","0","0","0","0","0","Match Report"
"2020-11-08","16:30","Premier League","Matchweek 8","Sun","Home","D","1","1","Liverpool","12","11","0","1","0","0","0","2","2","0","0","0","0","0","Match Report"
"2020-11-21","17:30","Premier League","Matchweek 9","Sat","Away","L","0","2","Tottenham","39","25","7","2","2","3","0","0","0","0","0","0","0","0","Match Report"
"2020-11-25","19:55","Champions Lg","Group stage","Wed","Away","W","1","0","gr Olympiacos","41","35","0","3","1","1","1","2","2","0","0","0","0","0","Match Report"
"2020-11-28","15:00","Premier League","Matchweek 10","Sat","Home","W","5","0","Burnley","37","35","0","2","0","0","0","10","9","0","1","0","0","0","Match Report"
"2020-12-01","20:00","Champions Lg","Group stage","Tue","Away","D","0","0","pt Porto","28","18","2","3","2","2","1","0","0","0","0","0","0","0","Match Report"
"2020-12-05","15:00","Premier League","Matchweek 11","Sat","Home","W","2","0","Fulham","24","16","2","2","2","2","0","4","2","0","1","0","1","0","Match Report"
"2020-12-09","20:00","Champions Lg","Group stage","Wed","Home","W","3","0","fr Marseille","24","15","3","1","2","2","1","3","2","0","0","1","0","0","Match Report"
"2020-12-12","17:30","Premier League","Matchweek 12","Sat","Away","D","0","0","Manchester Utd","15","11","1","1","1","1","0","0","0","0","0","0","0","0","Match Report"
"2020-12-15","20:00","Premier League","Matchweek 13","Tue","Home","D","1","1","West Brom","49","37","5","3","2","2","0","2","2","0","0","0","0","0","Match Report"
"2020-12-19","15:00","Premier League","Matchweek 14","Sat","Away","W","1","0","Southampton","22","21","1","0","0","0","0","2","2","0","0","0","0","0","Match Report"
"2020-12-22","20:00","EFL Cup","Quarter-finals","Tue","Away","W","4","1","Arsenal","","","","","","","","","","","","","","","Match Report"
"2020-12-26","20:00","Premier League","Matchweek 15","Sat","Home","W","2","0","Newcastle Utd","19","12","1","4","1","1","0","3","1","0","1","1","0","0","Match Report"
"2021-01-03","16:30","Premier League","Matchweek 17","Sun","Away","W","3","1","Chelsea","31","24","2","0","3","2","0","4","3","0","0","1","0","0","Match Report"
"2021-01-06","19:45","EFL Cup","Semi-finals","Wed","Away","W","2","0","Manchester Utd","","","","","","","","","","","","","","","Match Report"
"2021-01-10","13:30","FA Cup","Third round proper","Sun","Home","W","3","0","Birmingham City","","","","","","","","","","","","","","","Match Report"
"2021-01-13","18:00","Premier League","Matchweek 18","Wed","Home","W","1","0","Brighton","28","17","2","5","2","1","1","2","2","0","0","0","0","0","Match Report"
"2021-01-17","19:15","Premier League","Matchweek 19","Sun","Home","W","4","0","Crystal Palace","22","13","2","1","3","2","1","7","4","0","1","1","1","0","Match Report"
"2021-01-20","18:00","Premier League","Matchweek 1","Wed","Home","W","2","0","Aston Villa","50","38","2","4","5","0","1","2","1","0","0","1","0","0","Match Report"
"2021-01-23","17:30","FA Cup","Fourth round proper","Sat","Away","W","3","1","Cheltenham","","","","","","","","","","","","","","","Match Report"
"2021-01-26","20:15","Premier League","Matchweek 20","Tue","Away","W","5","0","West Brom","34","26","1","5","1","0","1","10","8","0","1","0","0","1","Match Report"
"2021-01-30","15:00","Premier League","Matchweek 21","Sat","Home","W","1","0","Sheffield Utd","17","11","2","3","1","0","0","2","1","0","1","0","0","0","Match Report"
"2021-02-03","18:00","Premier League","Matchweek 22","Wed","Away","W","2","0","Burnley","23","18","1","1","1","0","2","3","2","0","0","1","0","0","Match Report"
"2021-02-07","16:30","Premier League","Matchweek 23","Sun","Away","W","4","1","Liverpool","13","9","0","2","1","1","0","5","3","0","1","1","0","0","Match Report"
"2021-02-10","17:30","FA Cup","Fifth round proper","Wed","Away","W","3","1","Swansea City","","","","","","","","","","","","","","","Match Report"
"2021-02-13","17:30","Premier League","Matchweek 24","Sat","Home","W","3","0","Tottenham","26","19","1","3","2","1","0","6","5","0","0","0","1","0","Match Report"
"2021-02-17","20:15","Premier League","Matchweek 16","Wed","Away","W","3","1","Everton","25","22","2","1","0","0","0","6","5","0","1","0","0","0","Match Report"
"2021-02-21","16:30","Premier League","Matchweek 25","Sun","Away","W","1","0","Arsenal","25","19","2","3","1","0","0","2","2","0","0","0","0","0","Match Report"
"2021-02-24","21:00","Champions Lg","Round of 16","Wed","Neutral","W","2","0","de Gladbach","15","14","0","1","0","0","0","3","3","0","0","0","0","0","Match Report"
"2021-02-27","12:30","Premier League","Matchweek 26","Sat","Home","W","2","1","West Ham","16","11","1","1","1","0","2","4","4","0","0","0","0","0","Match Report"
"2021-03-02","20:00","Premier League","Matchweek 29","Tue","Home","W","4","1","Wolves","38","33","0","0","4","0","1","5","4","0","0","1","0","0","Match Report"
"2021-03-07","16:30","Premier League","Matchweek 27","Sun","Home","L","0","2","Manchester Utd","42","34","2","2","1","2","1","0","0","0","0","0","0","0","Match Report"
"2021-03-10","18:00","Premier League","Matchweek 33","Wed","Home","W","5","2","Southampton","27","21","1","3","2","0","0","6","2","0","2","2","0","0","Match Report"
"2021-03-13","20:00","Premier League","Matchweek 28","Sat","Away","W","3","0","Fulham","13","9","1","2","0","1","0","3","0","1","1","0","1","0","Match Report"
"2021-03-16","20:00","Champions Lg","Round of 16","Tue","Neutral","W","2","0","de Gladbach","20","13","1","4","1","1","0","4","3","0","1","0","0","0","Match Report"
"2021-03-20","17:30","FA Cup","Quarter-finals","Sat","Away","W","2","0","Everton","","","","","","","","","","","","","","","Match Report"
"2021-04-03","17:30","Premier League","Matchweek 30","Sat","Away","W","2","0","Leicester City","21","15","1","2","1","1","1","4","1","0","2","1","0","0","Match Report"
"2021-04-06","20:00","Champions Lg","Quarter-finals","Tue","Home","W","2","1","de Dortmund","21","19","0","1","1","0","0","4","4","0","0","0","0","0","Match Report"
"2021-04-10","12:30","Premier League","Matchweek 31","Sat","Home","L","1","2","Leeds United","54","35","5","6","4","4","0","2","2","0","0","0","0","0","Match Report"
"2021-04-14","21:00","Champions Lg","Quarter-finals","Wed","Away","W","2","1","de Dortmund","27","17","3","2","3","1","1","3","2","1","0","0","0","0","Match Report"
"2021-04-17","17:30","FA Cup","Semi-finals","Sat","Away","L","0","1","Chelsea","","","","","","","","","","","","","","","Match Report"
"2021-04-21","20:15","Premier League","Matchweek 32","Wed","Away","W","2","1","Aston Villa","25","17","3","1","2","2","0","4","4","0","0","0","0","0","Match Report"
"2021-04-25","16:30","EFL Cup","Final","Sun","Home","W","1","0","Tottenham","","","","","","","","","","","","","","","Match Report"
"2021-04-28","21:00","Champions Lg","Semi-finals","Wed","Away","W","2","1","fr Paris S-G","20","16","0","2","0","1","1","4","3","0","0","0","1","0","Match Report"
"2021-05-01","12:30","Premier League","Matchweek 34","Sat","Away","W","2","0","Crystal Palace","36","26","1","4","4","1","0","4","4","0","0","0","0","0","Match Report"
"2021-05-04","20:00","Champions Lg","Semi-finals","Tue","Home","W","2","0","fr Paris S-G","20","14","0","3","3","0","0","3","2","0","0","1","0","0","Match Report"
"2021-05-08","17:30","Premier League","Matchweek 35","Sat","Home","L","1","2","Chelsea","29","23","1","3","1","1","0","2","2","0","0","0","0","0","Match Report"
"2021-05-14","20:00","Premier League","Matchweek 36","Fri","Away","W","4","3","Newcastle Utd","29","20","1","5","1","2","0","7","3","1","1","1","1","0","Match Report"
"2021-05-18","19:00","Premier League","Matchweek 37","Tue","Away","L","2","3","Brighton","11","8","1","0","1","1","0","2","2","0","0","0","0","0","Match Report"
"2021-05-23","16:00","Premier League","Matchweek 38","Sun","Home","W","5","0","Everton","41","29","4","3","2","2","1","10","8","0","1","0","0","1","Match Report"
"2021-05-29","22:00","Champions Lg","Final","Sat","Neutral","L","0","1","eng Chelsea","13","12","0","1","0","0","0","0","0","0","0","0","0","0","Match Report"
"","","","","","","--","","","","1359","1022","74","116","73","53","21","184","135","4","19","15","9","2",""
