"Date","Time","Comp","Round","Day","Venue","Result","GF","GA","Opponent","SCA","PassLive...12","PassDead...13","TO...14","Sh...15","Fld...16","Def...17","GCA","PassLive...19","PassDead...20","TO...21","Sh...22","Fld...23","Def...24","Match Report"
"2021-08-07","17:15","Community Shield","FA Community Shield","Sat","Neutral","L","0","1","Leicester City","","","","","","","","","","","","","","","Match Report"
"2021-08-15","16:30","Premier League","Matchweek 1","Sun","Away","L","0","1","Tottenham","35","29","2","2","1","1","0","0","0","0","0","0","0","0","Match Report"
"2021-08-21","15:00","Premier League","Matchweek 2","Sat","Home","W","5","0","Norwich City","28","21","2","0","2","1","2","7","6","0","0","1","0","0","Match Report"
"2021-08-28","12:30","Premier League","Matchweek 3","Sat","Home","W","5","0","Arsenal","49","45","1","1","1","1","0","10","10","0","0","0","0","0","Match Report"
"2021-09-11","15:00","Premier League","Matchweek 4","Sat","Away","W","1","0","Leicester City","42","34","2","0","4","1","1","1","0","0","0","1","0","0","Match Report"
"2021-09-15","20:00","Champions Lg","Group stage","Wed","Home","W","6","3","de RB Leipzig","25","20","1","0","3","0","1","7","3","1","0","2","0","1","Match Report"
"2021-09-18","15:00","Premier League","Matchweek 5","Sat","Home","D","0","0","Southampton","31","26","1","2","1","1","0","0","0","0","0","0","0","0","Match Report"
"2021-09-21","19:45","EFL Cup","Third round","Tue","Home","W","6","1","Wycombe","","","","","","","","","","","","","","","Match Report"
"2021-09-25","12:30","Premier League","Matchweek 6","Sat","Away","W","1","0","Chelsea","29","22","3","1","2","1","0","1","0","0","0","1","0","0","Match Report"
"2021-09-28","21:00","Champions Lg","Group stage","Tue","Away","L","0","2","fr Paris S-G","34","28","1","1","2","2","0","0","0","0","0","0","0","0","Match Report"
"2021-10-03","16:30","Premier League","Matchweek 7","Sun","Away","D","2","2","Liverpool","23","19","0","2","1","1","0","4","3","0","1","0","0","0","Match Report"
"2021-10-16","15:00","Premier League","Matchweek 8","Sat","Home","W","2","0","Burnley","26","23","0","1","2","0","0","3","2","0","0","1","0","0","Match Report"
"2021-10-19","18:45","Champions Lg","Group stage","Tue","Away","W","5","1","be Club Brugge","42","35","2","1","1","2","1","10","9","0","0","0","1","0","Match Report"
"2021-10-23","17:30","Premier League","Matchweek 9","Sat","Away","W","4","1","Brighton","40","28","2","3","6","1","0","6","4","0","0","2","0","0","Match Report"
"2021-10-27","19:45","EFL Cup","Fourth round","Wed","Away","D","0 (3)","0 (5)","West Ham","","","","","","","","","","","","","","","Match Report"
"2021-10-30","15:00","Premier League","Matchweek 10","Sat","Home","L","0","2","Crystal Palace","25","21","0","1","2","1","0","0","0","0","0","0","0","0","Match Report"
"2021-11-03","20:00","Champions Lg","Group stage","Wed","Home","W","4","1","be Club Brugge","38","34","1","1","1","0","1","7","7","0","0","0","0","0","Match Report"
"2021-11-06","12:30","Premier League","Matchweek 11","Sat","Away","W","2","0","Manchester Utd","29","21","2","1","5","0","0","2","2","0","0","0","0","0","Match Report"
"2021-11-21","14:00","Premier League","Matchweek 12","Sun","Home","W","3","0","Everton","27","23","0","0","3","1","0","3","2","0","0","1","0","0","Match Report"
"2021-11-24","20:00","Champions Lg","Group stage","Wed","Home","W","2","1","fr Paris S-G","31","27","1","1","1","1","0","4","4","0","0","0","0","0","Match Report"
"2021-11-28","14:00","Premier League","Matchweek 13","Sun","Home","W","2","1","West Ham","35","29","3","1","2","0","0","3","2","0","0","1","0","0","Match Report"
"2021-12-01","20:15","Premier League","Matchweek 14","Wed","Away","W","2","1","Aston Villa","30","23","2","4","0","1","0","4","4","0","0","0","0","0","Match Report"
"2021-12-04","17:30","Premier League","Matchweek 15","Sat","Away","W","3","1","Watford","48","38","4","2","4","0","0","5","4","0","0","1","0","0","Match Report"
"2021-12-07","18:45","Champions Lg","Group stage","Tue","Away","L","1","2","de RB Leipzig","25","19","2","1","0","3","0","2","2","0","0","0","0","0","Match Report"
"2021-12-11","12:30","Premier League","Matchweek 16","Sat","Home","W","1","0","Wolves","44","39","3","0","2","0","0","1","1","0","0","0","0","0","Match Report"
"2021-12-14","20:00","Premier League","Matchweek 17","Tue","Home","W","7","0","Leeds United","51","41","1","3","3","3","0","10","8","1","0","1","0","0","Match Report"
"2021-12-19","14:15","Premier League","Matchweek 18","Sun","Away","W","4","0","Newcastle Utd","35","24","4","4","2","1","0","8","6","0","2","0","0","0","Match Report"
"2021-12-26","15:00","Premier League","Matchweek 19","Sun","Home","W","6","3","Leicester City","27","15","4","1","3","4","0","9","5","1","0","1","2","0","Match Report"
"2021-12-29","20:15","Premier League","Matchweek 20","Wed","Away","W","1","0","Brentford","22","17","0","2","2","1","0","2","2","0","0","0","0","0","Match Report"
"2022-01-01","12:30","Premier League","Matchweek 21","Sat","Away","W","2","1","Arsenal","29","24","2","0","1","2","0","3","1","0","0","1","1","0","Match Report"
"2022-01-07","20:00","FA Cup","Third round proper","Fri","Away","W","4","1","Swindon Town","","","","","","","","","","","","","","","Match Report"
"2022-01-15","12:30","Premier League","Matchweek 22","Sat","Home","W","1","0","Chelsea","21","16","1","3","0","1","0","2","1","0","1","0","0","0","Match Report"
"2022-01-22","17:30","Premier League","Matchweek 23","Sat","Away","D","1","1","Southampton","39","34","2","1","1","1","0","2","0","1","0","0","1","0","Match Report"
"2022-02-05","15:00","FA Cup","Fourth round proper","Sat","Home","W","4","1","Fulham","","","","","","","","","","","","","","","Match Report"
"2022-02-09","19:45","Premier League","Matchweek 24","Wed","Home","W","2","0","Brentford","25","15","3","3","3","1","0","2","0","0","0","1","1","0","Match Report"
"2022-02-12","17:30","Premier League","Matchweek 25","Sat","Away","W","4","0","Norwich City","38","27","3","1","6","1","0","6","4","0","0","2","0","0","Match Report"
"2022-02-15","20:00","Champions Lg","Round of 16","Tue","Away","W","5","0","pt Sporting CP","26","21","1","1","2","0","1","9","7","0","0","2","0","0","Match Report"
"2022-02-19","17:30","Premier League","Matchweek 26","Sat","Home","L","2","3","Tottenham","40","31","2","5","2","0","0","3","3","0","0","0","0","0","Match Report"
"2022-02-26","17:30","Premier League","Matchweek 27","Sat","Away","W","1","0","Everton","25","21","1","1","2","0","0","2","2","0","0","0","0","0","Match Report"
"2022-03-01","19:15","FA Cup","Fifth round proper","Tue","Away","W","2","0","P'borough Utd","","","","","","","","","","","","","","","Match Report"
"2022-03-06","16:30","Premier League","Matchweek 28","Sun","Home","W","4","1","Manchester Utd","40","26","4","4","4","2","0","6","3","1","1","1","0","0","Match Report"
"2022-03-09","20:00","Champions Lg","Round of 16","Wed","Home","D","0","0","pt Sporting CP","23","13","3","3","2","2","0","0","0","0","0","0","0","0","Match Report"
"2022-03-14","20:00","Premier League","Matchweek 29","Mon","Away","D","0","0","Crystal Palace","35","29","2","0","3","1","0","0","0","0","0","0","0","0","Match Report"
"2022-03-20","15:00","FA Cup","Quarter-finals","Sun","Away","W","4","1","Southampton","","","","","","","","","","","","","","","Match Report"
"2022-04-02","15:00","Premier League","Matchweek 31","Sat","Away","W","2","0","Burnley","34","28","3","0","2","1","0","4","4","0","0","0","0","0","Match Report"
"2022-04-05","20:00","Champions Lg","Quarter-finals","Tue","Home","W","1","0","es Atlético Madrid","30","22","3","1","1","2","1","2","2","0","0","0","0","0","Match Report"
"2022-04-10","16:30","Premier League","Matchweek 32","Sun","Home","D","2","2","Liverpool","20","14","1","3","0","2","0","4","2","1","0","0","1","0","Match Report"
"2022-04-13","21:00","Champions Lg","Quarter-finals","Wed","Away","D","0","0","es Atlético Madrid","19","13","1","3","2","0","0","0","0","0","0","0","0","0","Match Report"
"2022-04-16","15:30","FA Cup","Semi-finals","Sat","Home","L","2","3","Liverpool","","","","","","","","","","","","","","","Match Report"
"2022-04-20","20:00","Premier League","Matchweek 30","Wed","Home","W","3","0","Brighton","30","23","3","2","1","0","1","4","2","1","0","0","0","1","Match Report"
"2022-04-23","15:00","Premier League","Matchweek 34","Sat","Home","W","5","1","Watford","38","26","2","1","4","1","4","10","7","0","0","0","1","2","Match Report"
"2022-04-26","20:00","Champions Lg","Semi-finals","Tue","Home","W","4","3","es Real Madrid","28","21","1","3","2","1","0","8","7","0","1","0","0","0","Match Report"
"2022-04-30","17:30","Premier League","Matchweek 35","Sat","Away","W","4","0","Leeds United","35","23","4","5","1","2","0","8","5","2","0","0","1","0","Match Report"
"2022-05-04","21:00","Champions Lg","Semi-finals","Wed","Away","L","1","3","es Real Madrid","27","20","2","1","1","3","0","2","2","0","0","0","0","0","Match Report"
"2022-05-08","16:30","Premier League","Matchweek 36","Sun","Home","W","5","0","Newcastle Utd","37","28","3","2","3","1","0","8","5","1","0","2","0","0","Match Report"
"2022-05-11","20:15","Premier League","Matchweek 33","Wed","Away","W","5","1","Wolves","24","22","1","0","1","0","0","8","6","1","0","1","0","0","Match Report"
"2022-05-15","14:00","Premier League","Matchweek 37","Sun","Away","D","2","2","West Ham","54","41","0","4","6","3","0","2","2","0","0","0","0","0","Match Report"
"2022-05-22","16:00","Premier League","Matchweek 38","Sun","Home","W","3","2","Aston Villa","46","31","5","4","0","3","3","5","4","0","1","0","0","0","Match Report"
"","","","","","","--","","","","1634","1270","97","87","106","58","16","209","155","11","7","23","9","4",""
